id,neighborhood,category,name,street_address,city,state,zip,phone,website,hours,notes,full_address,latitude,longitude,geocode_provider,geocode_display_name,geocode_confidence_note,geocode_timestamp_utc
1,ALLSTON/BRIGHTON,FOOD PANTRIES,Allston-Brighton APAC,406 Cambridge St,Allston,MA,02134,(617) 783-1485,,"Mon - Fri, 10am - 2pm",,"406 Cambridge St, Allston, MA 02134",42.3548127,-71.133722,openstreetmap_nominatim,"Allston Brighton APAC, 406, Cambridge Street, Union Square, Allston, Boston, Suffolk County, Massachusetts, 02134, United States",Top Nominatim match,2026-02-21T22:24:28.462661+00:00
2,ALLSTON/BRIGHTON,FOOD PANTRIES,Allston-Brighton,404 Washington St,Brighton,MA,02135,(617) 254-4046,,"2nd & 4th Sat, 10am - 1pm",Congregational Church,"404 Washington St, Brighton, MA 02135",42.3488064,-71.1551466,openstreetmap_nominatim,"404, Washington Street, Brighton Center, Brighton, Boston, Suffolk County, Massachusetts, 02135, United States",Top Nominatim match,2026-02-21T22:24:29.598394+00:00
2,ALLSTON/BRIGHTON,MEAL SITES,Allston-Brighton,404 Washington St,Brighton,MA,02135,(617) 254-4046,,Wed 6pm,Congregational Church | SNAP APPLICATION | ASSISTANCE,"404 Washington St, Brighton, MA 02135",42.3488064,-71.1551466,openstreetmap_nominatim,"404, Washington Street, Brighton Center, Brighton, Boston, Suffolk County, Massachusetts, 02135, United States",Cached result,2026-02-21T22:24:30.603601+00:00
3,ALLSTON/BRIGHTON,FOOD PANTRIES,ABCD/Allston Brighton,640 Washington St,Brighton,MA,02135,(617) 903-3640,,,,"640 Washington St, Brighton, MA 02135",42.3506757,-71.1691307,openstreetmap_nominatim,"Presentation School Foundation (PSF) Community Center, 640, Washington Street, Oak Square, Brighton, Boston, Suffolk County, Massachusetts, 02135, United States",Top Nominatim match,2026-02-21T22:24:30.679693+00:00
4,ALLSTON/BRIGHTON,MEAL SITES,ABCD Allston-Brighton NOC,"640 Washington St, Suite 203",Brighton,MA,02135,(617) 903-3640,,,FARMERS MARKETS | ACCEPTING SNAP/HIP,"640 Washington St, Suite 203, Brighton, MA 02135",,,openstreetmap_nominatim,,No match returned,2026-02-21T22:24:31.762063+00:00
5,ALLSTON/BRIGHTON,MEAL SITES,Oak Square Farmers Market,"Parking Lot, 640 Washington St",Brighton,MA,02135,,,"Wed 4 - 7pm, June 6 - Sept 26",Presentation School Foundation,"Parking Lot, 640 Washington St, Brighton, MA 02135",,,openstreetmap_nominatim,,No match returned,2026-02-21T22:24:32.847316+00:00
6,ALLSTON/BRIGHTON,SENIOR DINING SITES,Ethos Brighton Veronica B.,20 Chestnut Hill Ave,Boston,MA,02135,(617) 522-6700,,"Mon - Fri, 11:30am - 1pm",Smith Senior Ctr.,"20 Chestnut Hill Ave, Boston, MA 02135",42.3482251,-71.1532915,openstreetmap_nominatim,"20, Chestnut Hill Avenue, Brighton Center, Brighton, Boston, Suffolk County, Massachusetts, 02135, United States",Top Nominatim match,2026-02-21T22:24:33.926541+00:00
7,ALLSTON/BRIGHTON,SENIOR DINING SITES,Ethos Brighton Covenant House,30 Washington St,Brighton,MA,02135,(617) 522-6700,,Tue 5:15 - 6:15pm,,"30 Washington St, Brighton, MA 02135",42.3428787,-71.1420706,openstreetmap_nominatim,"30, Washington Street, Aberdeen, Brighton, Boston, Suffolk County, Massachusetts, 02135, United States",Top Nominatim match,2026-02-21T22:24:35.007435+00:00
8,ALLSTON/BRIGHTON,SENIOR DINING SITES,GBCGAC Brighton House,677 Cambridge St,Brighton,MA,02135,(617) 789-4289,,"Mon - Fri, 11am - 1pm",,"677 Cambridge St, Brighton, MA 02135",42.3510374,-71.1456285,openstreetmap_nominatim,"677, Cambridge Street, Brighton, Boston, Suffolk County, Massachusetts, 02135, United States",Top Nominatim match,2026-02-21T22:24:36.106548+00:00
9,BACK BAY/FENWAY,FOOD PANTRIES,Friday Night Supper,351 Boylston St,Boston,MA,02116,(617) 536-7050,,,,"351 Boylston St, Boston, MA 02116",42.3520176,-71.0712834,openstreetmap_nominatim,"Arlington Street Church, 351, Boylston Street, Block A, Back Bay, Boston, Suffolk County, Massachusetts, 02116, United States",Top Nominatim match,2026-02-21T22:24:37.202908+00:00
9,BACK BAY/FENWAY,MEAL SITES,Friday Night Supper,351 Boylston St,Boston,MA,02116,(617) 536-7050 ext. 22,,Fri 5 - 7pm,FARMERS MARKETS | ACCEPTING SNAP/HIP,"351 Boylston St, Boston, MA 02116",42.3520176,-71.0712834,openstreetmap_nominatim,"Arlington Street Church, 351, Boylston Street, Block A, Back Bay, Boston, Suffolk County, Massachusetts, 02116, United States",Cached result,2026-02-21T22:24:38.207818+00:00
10,BACK BAY/FENWAY,MEAL SITES,Women’s Lunch Place (women only),67 Newbury St,Boston,MA,02116,(617) 267-0200,,,,"67 Newbury St, Boston, MA 02116",42.3521713,-71.0739726,openstreetmap_nominatim,"Church of the Covenant, 67, Newbury Street, Block B, Back Bay, Boston, Suffolk County, Massachusetts, 02116, United States",Top Nominatim match,2026-02-21T22:24:38.279887+00:00
11,BACK BAY/FENWAY,MEAL SITES,Boston Living Ctr.,29 Stanhope St,Boston,MA,02116,(617) 236-1012,,Mon - Fri,,"29 Stanhope St, Boston, MA 02116",42.3485372,-71.0730371,openstreetmap_nominatim,"Victory Programs, 29, Stanhope Street, Back Bay, Boston, Suffolk County, Massachusetts, 02116, United States",Top Nominatim match,2026-02-21T22:24:39.355645+00:00
12,BACK BAY/FENWAY,MEAL SITES,Copley Square Farmers Market,560 Boylston St. Boston,,MA,,,,"Tue & Fri, 11am - 6pm",May 11 - Nov 20,"560 Boylston St. Boston, MA 02116",42.3499672,-71.0770218,openstreetmap_nominatim,"BosTix Booth, 560, Boylston Street, Block C, Back Bay, Boston, Suffolk County, Massachusetts, 02116, United States",Top Nominatim match,2026-02-21T22:24:40.431623+00:00
13,BACK BAY/FENWAY,SENIOR DINING SITES,Ethos Back Bay at,15 Newbury St,Boston,MA,02116,(617) 522-6700,,Thu 11:30am - 2pm,Emmanuel Church (LGBT),"15 Newbury St, Boston, MA 02116",42.3526118,-71.0724036,openstreetmap_nominatim,"Emmanuel Church, 15, Newbury Street, Block A, Back Bay, Boston, Suffolk County, Massachusetts, 02116, United States",Top Nominatim match,2026-02-21T22:24:41.508787+00:00
14,BACK BAY/FENWAY,SENIOR DINING SITES,Kit Clark at Morville,100 Norway St,Boston,MA,02115,(617) 825-5000,,"Mon - Fri, 11am - 1pm",AFFORDABLE FRUIT & | VEGETABLE SOURCES,"100 Norway St, Boston, MA 02115",42.3449403,-71.0881239,openstreetmap_nominatim,"100;112, Norway Street, Fenway, Boston, Suffolk County, Massachusetts, 02115, United States",Top Nominatim match,2026-02-21T22:24:42.622217+00:00
15,BACK BAY/FENWAY,SENIOR DINING SITES,"Fair Foods at St. Botolph House,",70 St Botolph St,Boston,MA,02116,,,Thu 1 - 2pm,,"70 St Botolph St, Boston, MA 02116",42.345541,-71.0797398,openstreetmap_nominatim,"70, Saint Botolph Street, Back Bay, Boston, Suffolk County, Massachusetts, 02199, United States",Top Nominatim match,2026-02-21T22:24:43.740438+00:00
16,BACK BAY/FENWAY,SENIOR DINING SITES,Fair Foods at,165 Park Drive,Boston,MA,02215,,,"Alt. Wed, 3 - 5pm",Holy Trinity Orthodox Cathedral,"165 Park Drive, Boston, MA 02215",42.3411032,-71.0989059,openstreetmap_nominatim,"Holy Trinity Orthodox Cathedral, 165, Park Drive, Fenway, Boston, Suffolk County, Massachusetts, 02215, United States",Top Nominatim match,2026-02-21T22:24:44.822458+00:00
17,CHARLESTOWN,FOOD PANTRIES,The Harvest on Vine,49 Vine St,Charlestown,MA,02129,(617) 337-3545,,,FARMERS MARKETS | ACCEPTING SNAP/HIP,"49 Vine St, Charlestown, MA 02129",42.3772396,-71.0568518,openstreetmap_nominatim,"49, Vine Street, Charlestown, Boston, Suffolk County, Massachusetts, 02129, United States",Top Nominatim match,2026-02-21T22:24:45.904628+00:00
18,CHARLESTOWN,FOOD PANTRIES,Charlestown Farmers Market,Boston,,MA,,,,"Wed, 2 - 7pm, June 20 - Oct 24","Austin St & Main St,","Boston, MA 02129",42.3588336,-71.0578303,openstreetmap_nominatim,"Boston, Suffolk County, Massachusetts, United States",Top Nominatim match,2026-02-21T22:24:46.979737+00:00
19,CHARLESTOWN,SENIOR DINING SITES,Kit Clark Charlestown,382 Main St,Charlestown,MA,02129,(617) 825-5000,,"Tue, Wed & Fri, 11am - 1pm",,"382 Main St, Charlestown, MA 02129",42.3797659,-71.0699015,openstreetmap_nominatim,"382, Main Street, Charlestown, Boston, Suffolk County, Massachusetts, 02129, United States",Top Nominatim match,2026-02-21T22:24:48.059827+00:00
20,CHARLESTOWN,SENIOR DINING SITES,Kit Clark Charlestown Ferrin,100 Ferrin St,Charlestown,MA,02129,(617) 825-5000,,"Mon - Fri, 11am - 1pm",AFFORDABLE FRUIT | & VEGETABLE SOURCES,"100 Ferrin St, Charlestown, MA 02129",42.3775178,-71.0590268,openstreetmap_nominatim,"100, Ferrin Street, Charlestown, Boston, Suffolk County, Massachusetts, 02129, United States",Top Nominatim match,2026-02-21T22:24:49.138719+00:00
21,CHARLESTOWN,SENIOR DINING SITES,Fresh Truck BHA & Newtown,150 Medford St. Charlestown,,MA,,,,"Mon 12 - 2pm, Thu 3 - 6pm",,"150 Medford St. Charlestown, MA 02129",42.3793486,-71.0584054,openstreetmap_nominatim,"150, Medford Street, Charlestown, Boston, Suffolk County, Massachusetts, 02129, United States",Top Nominatim match,2026-02-21T22:24:50.224281+00:00
22,CHARLESTOWN,SENIOR DINING SITES,Fairs Foods at The Kennedy Center,55 Bunker Hill St,Charlestown,MA,02129,,,Thu 2 - 3:30pm,,"55 Bunker Hill St, Charlestown, MA 02129",42.3773845,-71.0571894,openstreetmap_nominatim,"Boston Housing Authority Administrative Offices Charlestown, 55, Bunker Hill Street, Charlestown, Boston, Suffolk County, Massachusetts, 02129, United States",Top Nominatim match,2026-02-21T22:24:51.311941+00:00
23,CHINATOWN,FOOD PANTRIES,Boston Rescue Mission,39 Kingston St,Boston,MA,02111,(617) 338-9000,,,,"39 Kingston St, Boston, MA 02111",42.3531435,-71.0592553,openstreetmap_nominatim,"39, Kingston Street, Church Green, Downtown Boston, Boston, Suffolk County, Massachusetts, 02111, United States",Top Nominatim match,2026-02-21T22:24:52.389266+00:00
23,CHINATOWN,MEAL SITES,Boston Rescue Mission,39 Kingston St,Boston,MA,02111,(617) 338-9000,,,SNAP APPLICATION | ASSISTANCE,"39 Kingston St, Boston, MA 02111",42.3531435,-71.0592553,openstreetmap_nominatim,"39, Kingston Street, Church Green, Downtown Boston, Boston, Suffolk County, Massachusetts, 02111, United States",Cached result,2026-02-21T22:24:53.393793+00:00
24,CHINATOWN,MEAL SITES,ABCD Asian American,87 Tyler St,Boston,MA,02111,(617) 426-9492,,,Civic Association,"87 Tyler St, Boston, MA 02111",42.3488736,-71.0617104,openstreetmap_nominatim,"87, Tyler Street, Chinatown, Boston, Suffolk County, Massachusetts, 02111, United States",Top Nominatim match,2026-02-21T22:24:53.462818+00:00
25,CHINATOWN,MEAL SITES,GBCGAC Chinatown,25 Essex St,Boston,MA,02111,(617) 936-3966,,"Mon - Fri, 11am - 1pm",Hong Lok House,"25 Essex St, Boston, MA 02111",42.3523865,-71.061609,openstreetmap_nominatim,"25, Essex Street, Downtown Crossing, Downtown Boston, Boston, Suffolk County, Massachusetts, 02111, United States",Top Nominatim match,2026-02-21T22:24:54.530196+00:00
26,CHINATOWN,MEAL SITES,GBCGAC Chinatown Quincy Tower,5 Oak St West,Boston,MA,02116,(617) 423-7560,,"Mon - Fri, 11am - 1pm",,"5 Oak St West, Boston, MA 02116",42.3485005,-71.0653776,openstreetmap_nominatim,"5, Oak Street West, Chinatown, Boston, Suffolk County, Massachusetts, 02116, United States",Top Nominatim match,2026-02-21T22:24:55.793081+00:00
27,DORCHESTER,FOOD PANTRIES,Codman Square Food Pantry,378A Washington Street,Dorchester,MA,02124,(617) 825-9660,,Tue 8:30 - 10:30am,,"378A Washington Street, Dorchester, MA 02124",42.2984016,-71.0726345,openstreetmap_nominatim,"378A, Washington Street, Dorchester Center, Dorchester, Boston, Suffolk County, Massachusetts, 02212, United States",Top Nominatim match,2026-02-21T22:24:56.876159+00:00
28,DORCHESTER,FOOD PANTRIES,Eglise Baptiste Haitienne,1 Dix St,Dorchester,MA,02122,(617) 287-8351,,"1st & 2nd Wed, 6pm - food runs out",,"1 Dix St, Dorchester, MA 02122",42.295011,-71.061486,openstreetmap_nominatim,"1, Dix Street, Fields Corner, Dorchester, Boston, Suffolk County, Massachusetts, 02122, United States",Top Nominatim match,2026-02-21T22:24:58.002972+00:00
29,DORCHESTER,SENIOR DINING SITES,Dorchester House Health,1353 Dorchester Ave,Dorchester,MA,02122,(617) 288-3230,,Tue 8:30 - 10:30am,AFFORDABLE FRUIT & | VEGETABLE SOURCES,"1353 Dorchester Ave, Dorchester, MA 02122",42.3044555,-71.0596299,openstreetmap_nominatim,"DotHouse Health, 1353, Dorchester Avenue, Fields Corner, Dorchester, Boston, Suffolk County, Massachusetts, 02122, United States",Top Nominatim match,2026-02-21T22:24:59.105117+00:00
29,DORCHESTER,FOOD PANTRIES,Dorchester House Health,1353 Dorchester Ave,Dorchester,MA,02122,(617) 288-3230,,Wed 8 - 10am,,"1353 Dorchester Ave, Dorchester, MA 02122",42.3044555,-71.0596299,openstreetmap_nominatim,"DotHouse Health, 1353, Dorchester Avenue, Fields Corner, Dorchester, Boston, Suffolk County, Massachusetts, 02122, United States",Cached result,2026-02-21T22:25:00.111086+00:00
30,DORCHESTER,FOOD PANTRIES,Neponset Health Center,398 Neponset Ave,Dorchester,MA,02122,(617) 282-3200,,Tue 8 - 11am,,"398 Neponset Ave, Dorchester, MA 02122",42.2867644,-71.0440281,openstreetmap_nominatim,"398, Neponset Avenue, Neponset, Dorchester, Boston, Suffolk County, Massachusetts, 02122, United States",Top Nominatim match,2026-02-21T22:25:00.182737+00:00
31,DORCHESTER,FOOD PANTRIES,Harvard Street,895 Blue Hill Ave,Dorchester,MA,02124,(617) 825-3400,,,Neighborhood Health Ctr.,"895 Blue Hill Ave, Dorchester, MA 02124",,,openstreetmap_nominatim,,No match returned,2026-02-21T22:25:01.372654+00:00
32,DORCHESTER,FOOD PANTRIES,Holy Tabernacle Church,70 Washington St,Dorchester,MA,02121,(617) 427-8022,,Fri 9am - 3:30pm,,"70 Washington St, Dorchester MA 02121",42.2973478,-71.07182,openstreetmap_nominatim,"70, Washington Street, Dorchester Center, Dorchester, Boston, Suffolk County, Massachusetts, 02124, United States",Top Nominatim match,2026-02-21T22:25:02.455976+00:00
33,DORCHESTER,FOOD PANTRIES,Catholic Charities/ Yawkey Center,185 Columbia Rd,Dorchester,MA,02121,(617) 506-6600,,,,"185 Columbia Rd, Dorchester MA 02121",42.3097991,-71.0726848,openstreetmap_nominatim,"Columbia Road, Grove Hall, Roxbury, Boston, Suffolk County, Massachusetts, 02121, United States",Top Nominatim match,2026-02-21T22:25:03.769652+00:00
34,DORCHESTER,FOOD PANTRIES,Greater Anointing Church,20 Charlotte St,Dorchester,MA,02121,(781) 535-4837,,2nd Sat 10am - 12pm,,"20 Charlotte St, Dorchester MA 02121",,,openstreetmap_nominatim,,No match returned,2026-02-21T22:25:04.851416+00:00
35,DORCHESTER,FOOD PANTRIES,Faith Pentecostal Church,301 Harvard St,Dorchester Center,MA,02124,(617) 265-5700,,Alt. Fri 1 - 3pm,,"301 Harvard St, Dorchester Center, MA 02124",42.2967134,-71.0788733,openstreetmap_nominatim,"Harvard Street, Dorchester Center, Dorchester, Boston, Suffolk County, Massachusetts, 02121, United States",Top Nominatim match,2026-02-21T22:25:05.939476+00:00
36,DORCHESTER,FOOD PANTRIES,Salvation Army/,650 Dudley St,Dorchester,MA,02125,(617) 318-6936,,"Tue, Wed & Thu, 9:45am - 12pm",Boston Kroc Center,"650 Dudley St, Dorchester, MA 02125",42.3184634,-71.0686439,openstreetmap_nominatim,"650, Dudley Street, Uphams Corner, Dorchester, Boston, Suffolk County, Massachusetts, 02125, United States",Top Nominatim match,2026-02-21T22:25:07.023691+00:00
37,DORCHESTER,FOOD PANTRIES,Pilgrim Church,540 Columbia Rd,Dorchester,MA,02125,(617) 282-0456,,Wed 10am - 12pm,,"540 Columbia Rd, Dorchester, MA 02125",42.3148048,-71.0669461,openstreetmap_nominatim,"540, Columbia Road, Uphams Corner, Dorchester, Boston, Suffolk County, Massachusetts, 02125, United States",Top Nominatim match,2026-02-21T22:25:08.106359+00:00
38,DORCHESTER,FOOD PANTRIES,USCCB/Blessed Mother,800 Columbia Rd,Dorchester,MA,02125,(617) 436-2190,St.Teresa,"Thu 11am - 1pm, Sat 9 - 11am",,"800 Columbia Rd, Dorchester, MA 02125",42.320931,-71.0573839,openstreetmap_nominatim,"Blessed Mother Teresa, 800, Columbia Road, Uphams Corner, Dorchester, Boston, Suffolk County, Massachusetts, 02125, United States",Top Nominatim match,2026-02-21T22:25:09.189859+00:00
39,DORCHESTER,FOOD PANTRIES,Boys and Girls Club of,35 Deer St,Dorchester,MA,02125,(617) 288-7120,,,Dorchester (kids only) | FARMERS MARKETS | ACCEPTING SNAP/HIP,"35 Deer St, Dorchester, MA 02125",42.3116028,-71.0585375,openstreetmap_nominatim,"Boys and Girls Club of Dorchester Colonel Daniel Marr Clubhouse, 35, Deer Street, Savin Hill, Dorchester, Boston, Suffolk County, Massachusetts, 02125, United States",Top Nominatim match,2026-02-21T22:25:10.273409+00:00
40,DORCHESTER,FOOD PANTRIES,Ashmont Farmers Market,1900 Dorchester Ave,Dorchester,MA,02124,,,"Fri, 3 - 7pm, June 29 - Oct 10",,"1900 Dorchester Ave, Dorchester, MA 02124",42.2865368,-71.0639595,openstreetmap_nominatim,"1900, Dorchester Avenue, Fields Corner, Dorchester, Boston, Suffolk County, Massachusetts, 02124, United States",Top Nominatim match,2026-02-21T22:25:11.372347+00:00
41,DORCHESTER,FOOD PANTRIES,Bowdoin Geneva Farm Stand,230 Bowdoin St,Dorchester,MA,02122,,,"Thu 1 - 5pm, June 29 – Oct 25",,"230 Bowdoin St, Dorchester, MA 02122",42.305687,-71.067846,openstreetmap_nominatim,"230, Bowdoin Street, Mount Ida, Dorchester, Boston, Suffolk County, Massachusetts, 02122, United States",Top Nominatim match,2026-02-21T22:25:12.450626+00:00
42,DORCHESTER,FOOD PANTRIES,Codman Square Farmers Market,360 Talbot Ave,Dorchester,MA,02124,,,"Sat 11am - 2pm, June 28 - Sep 29",Social Saturdays Codman Square Park,"360 Talbot Ave, Dorchester, MA 02124",42.2901981,-71.0705524,openstreetmap_nominatim,"360, Talbot Avenue, Dorchester Center, Dorchester, Boston, Suffolk County, Massachusetts, 02124, United States",Top Nominatim match,2026-02-21T22:25:13.536992+00:00
43,DORCHESTER,FOOD PANTRIES,DotHouse Health Farmers Market,1353 Dorchester Ave,Dorchester,MA,02122,,,"Tue 11:30am - 1:30pm, July 3 - Oct 9",,"1353 Dorchester Ave, Dorchester, MA 02122",42.3044555,-71.0596299,openstreetmap_nominatim,"DotHouse Health, 1353, Dorchester Avenue, Fields Corner, Dorchester, Boston, Suffolk County, Massachusetts, 02122, United States",Cached result,2026-02-21T22:25:14.544099+00:00
44,DORCHESTER,FOOD PANTRIES,Fields Corner Farmers Market,Dorchester,,MA,,,,"Sat 9am - 12pm, July 14 - Oct 27","Park St & Dorchester Ave, | Fields Corner Shopping Mall","Dorchester, MA 02122",42.2973205,-71.0744952,openstreetmap_nominatim,"Dorchester, Boston, Suffolk County, Massachusetts, United States",Top Nominatim match,2026-02-21T22:25:14.616670+00:00
45,DORCHESTER,FOOD PANTRIES,Revision Urban Farm Stand,"1062 Blue Hill Ave, Franklin Field",Dorchester,MA,02124,,,"Fri 12 - 3pm, July 13 - Oct 12",,"1062 Blue Hill Ave, Franklin Field, Dorchester, MA 02124",,,openstreetmap_nominatim,,No match returned,2026-02-21T22:25:15.697997+00:00
46,DORCHESTER,FOOD PANTRIES,Upham’s Corner Farmers Market,559 Columbia Rd.,Dorchester,MA,02125,,,"Alt. Wed 3 - 7pm, July 18 - Oct 17",,"559 Columbia Rd., Dorchester, MA 02125",42.3164634,-71.0660206,openstreetmap_nominatim,"559, Columbia Road, Uphams Corner, Dorchester, Boston, Suffolk County, Massachusetts, 02125, United States",Top Nominatim match,2026-02-21T22:25:16.786121+00:00
47,DORCHESTER,SENIOR DINING SITES,Kit Clark Dorchester Codman Apt.,784 Washington St,Boston,MA,02124,(617) 825-5000,,"Mon - Fri, 11am - 1pm",,"784 Washington St, Boston, MA 02124",42.2842078,-71.0709557,openstreetmap_nominatim,"Codman Square Apartments, 784;786, Washington Street, Ashmont, Dorchester, Boston, Suffolk County, Massachusetts, 02124, United States",Top Nominatim match,2026-02-21T22:25:17.862402+00:00
48,DORCHESTER,SENIOR DINING SITES,Kit Clark Ctr.,42 Charles St,Dorchester,MA,02122,(617) 825-5000,,"Mon - Fri, 11:30am - 1pm",,"42 Charles St, Dorchester, MA 02122",42.2999022,-71.0633636,openstreetmap_nominatim,"Vietnamese American Community Center (VACC), 36,36R,38,42,44,46, Charles Street, Fields Corner, Dorchester, Boston, Suffolk County, Massachusetts, 02122, United States",Top Nominatim match,2026-02-21T22:25:18.937590+00:00
49,DORCHESTER,SENIOR DINING SITES,Kit Clark Dorchester,1875 Dorchester Ave,Boston,MA,02124,(617) 825-5000,,"Mon - Fri, 11am - 12pm","Peabody Building,","1875 Dorchester Ave, Boston, MA 02124",42.2869104,-71.0642078,openstreetmap_nominatim,"1875, Dorchester Avenue, Fields Corner, Dorchester, Boston, Suffolk County, Massachusetts, 02124, United States",Top Nominatim match,2026-02-21T22:25:20.021221+00:00
50,DORCHESTER,SENIOR DINING SITES,Kit Clark Dorchester,"151 Hallet St, Dorchester Center",Boston,MA,02124,(617) 825-5000,,"Mon, Thu & Fri 11am - 1pm",Keystone Apt.,"151 Hallet St, Dorchester Center, Boston, MA 02124",,,openstreetmap_nominatim,,No match returned,2026-02-21T22:25:21.129507+00:00
51,DORCHESTER,SENIOR DINING SITES,Fresh Truck at,100 Ames St,Boston,MA,02124,(617) 297-7685,,Wed 3 - 6pm,Franklin Field BHA,"100 Ames St, Boston, MA 02124",42.290196,-71.0827431,openstreetmap_nominatim,"100, Ames Street, Franklin Field Apartments, Mattapan, Boston, Suffolk County, Massachusetts, 02126, United States",Top Nominatim match,2026-02-21T22:25:22.215487+00:00
52,DORCHESTER,SENIOR DINING SITES,Bowdoin Street Health Center,230 Bowdoin St,Dorchester,MA,02125,,,Tue 12 - 3pm,,"230 Bowdoin St, Dorchester, MA 02125",42.305687,-71.067846,openstreetmap_nominatim,"230, Bowdoin Street, Mount Ida, Dorchester, Boston, Suffolk County, Massachusetts, 02122, United States",Top Nominatim match,2026-02-21T22:25:23.293001+00:00
53,DORCHESTER,SENIOR DINING SITES,Fair Foods at Franklin Field,100 Ames St,Boston,MA,02124,(617) 288-6185,,Thu 4:30 - 5:30pm,Senior Center,"100 Ames St, Boston, MA 02124",42.290196,-71.0827431,openstreetmap_nominatim,"100, Ames Street, Franklin Field Apartments, Mattapan, Boston, Suffolk County, Massachusetts, 02126, United States",Cached result,2026-02-21T22:25:24.299984+00:00
54,DORCHESTER,SENIOR DINING SITES,Fair Foods at Bellflower Apt.,24 Bellflower St. Dorchester,,MA,,(617) 288-6185,,Alt. Fri 1 - 2pm,,"24 Bellflower St. Dorchester, MA 02125",42.3242144,-71.0589063,openstreetmap_nominatim,"Bellflower Court, 24, Bellflower Street, Dorchester, Boston, Suffolk County, Massachusetts, 02125, United States",Top Nominatim match,2026-02-21T22:25:24.405021+00:00
55,DORCHESTER,SENIOR DINING SITES,Fair Foods at Peabody,1875 Dorchester Ave,Boston,MA,02124,(617) 288-6185,,Alt. Tue 3 - 5pm,Englewood Apt.,"1875 Dorchester Ave, Boston, MA 02124",42.2869104,-71.0642078,openstreetmap_nominatim,"1875, Dorchester Avenue, Fields Corner, Dorchester, Boston, Suffolk County, Massachusetts, 02124, United States",Cached result,2026-02-21T22:25:25.412672+00:00
56,DORCHESTER,SENIOR DINING SITES,Fair Foods at Codman Sq. Library,690 Washington St,Boston,MA,02124,,,Sat 1:30 - 4:30pm,,"690 Washington St, Boston, MA 02124",42.2877145,-71.070848,openstreetmap_nominatim,"690, Washington Street, Ashmont, Dorchester, Boston, Suffolk County, Massachusetts, 02124, United States",Top Nominatim match,2026-02-21T22:25:25.492368+00:00
57,DORCHESTER,SENIOR DINING SITES,Fair Foods at Upham’s,414 Columbia Rd,Boston,MA,02125,,,Alt. Wed 1 - 3pm,Corner Health Center | Columbia Rd. Properties,"414 Columbia Rd, Boston, MA 02125",42.3121887,-71.0694806,openstreetmap_nominatim,"414, Columbia Road, Kane Square, Dorchester, Boston, Suffolk County, Massachusetts, 02125, United States",Top Nominatim match,2026-02-21T22:25:26.572370+00:00
58,DORCHESTER,SENIOR DINING SITES,Fair Foods at Lower Mills Apt,2262 Dorchester Ave,Boston,MA,02124,,,Alt. Wed 3 - 4pm,,"2262 Dorchester Ave, Boston, MA 02124",42.2730093,-71.0671542,openstreetmap_nominatim,"2262, Dorchester Avenue, Lower Mills, Dorchester, Boston, Suffolk County, Massachusetts, 02124, United States",Top Nominatim match,2026-02-21T22:25:27.654083+00:00
59,DORCHESTER,SENIOR DINING SITES,Fair Foods at First Parish Church,10 Parish St,Dorchester,MA,02122,,,Fri 3:30 - 5pm,Meetinghouse Hill,"10 Parish St, Dorchester, MA 02122",42.308194,-71.0620443,openstreetmap_nominatim,"First Church Dorchester, 10, Parish Street, Meeting House Hill, Dorchester, Boston, Suffolk County, Massachusetts, 02122, United States",Top Nominatim match,2026-02-21T22:25:28.741146+00:00
60,DORCHESTER,SENIOR DINING SITES,Fair Foods at Lena Park,150 American Legion Hwy,Boston,MA,02124,,,Tue 4:30 - 5:30pm,Community Center,"150 American Legion Hwy, Boston, MA 02124",42.2951991,-71.0926187,openstreetmap_nominatim,"150, American Legion Highway, Mattapan, Boston, Suffolk County, Massachusetts, 02124, United States",Top Nominatim match,2026-02-21T22:25:29.829630+00:00
61,DORCHESTER,SENIOR DINING SITES,Fair Foods at Bethel Hispanic,1 Dix St,Boston,MA,02122,,,Thu 3 - 4pm,7th Day Church | (corner of Dorchester Ave.),"1 Dix St, Boston, MA 02122",42.295011,-71.061486,openstreetmap_nominatim,"1, Dix Street, Fields Corner, Dorchester, Boston, Suffolk County, Massachusetts, 02122, United States",Top Nominatim match,2026-02-21T22:25:30.902962+00:00
62,DORCHESTER,SENIOR DINING SITES,Daily Table-Dorchester,450 Washington Street,Dorchester,MA,02124,,,,617-506-0219,"450 Washington Street, Dorchester, MA 02124",42.2959967,-71.071878,openstreetmap_nominatim,"Healthworks Community Fitness, 450, Washington Street, Dorchester Center, Dorchester, Boston, Suffolk County, Massachusetts, 02124, United States",Top Nominatim match,2026-02-21T22:25:31.982628+00:00
63,DOWNTOWN BOSTON,FOOD PANTRIES,St Anthony Shrine -,100 Arch St,Boston,MA,02110,(617) 542-6440,,"Thu 10am - 1pm, Sat 10am - 12pm",Franciscan Food Center,"100 Arch St, Boston, MA 02110",42.3546898,-71.0584214,openstreetmap_nominatim,"St. Anthony Shrine, 100, Arch Street, Church Green, Downtown Boston, Boston, Suffolk County, Massachusetts, 02110, United States",Top Nominatim match,2026-02-21T22:25:33.057691+00:00
64,DOWNTOWN BOSTON,MEAL SITES,New England Center,17 Court St,Boston,MA,02108,(617) 371-1800,,,for Homeless Veterans | FARMERS MARKETS | ACCEPTING SNAP/HIP,"17 Court St, Boston, MA 02108",42.3592919,-71.0583504,openstreetmap_nominatim,"17,19, Court Street, Financial District, Downtown Boston, Boston, Suffolk County, Massachusetts, 02108, United States",Top Nominatim match,2026-02-21T22:25:34.141254+00:00
64,DOWNTOWN BOSTON,FOOD PANTRIES,New England Center,17 Court St,Boston,MA,02108,(617) 371-1800,,,for Homeless Veterans,"17 Court St, Boston, MA 02108",42.3592919,-71.0583504,openstreetmap_nominatim,"17,19, Court Street, Financial District, Downtown Boston, Boston, Suffolk County, Massachusetts, 02108, United States",Cached result,2026-02-21T22:25:35.150305+00:00
65,DOWNTOWN BOSTON,MEAL SITES,St. Francis House Meals,39 Boylston St,Boston,MA,02116,(617) 457-1007,,,,"39 Boylston St, Boston, MA 02116",42.3524207,-71.0635269,openstreetmap_nominatim,"39, Boylston Street, Downtown Crossing, Downtown Boston, Boston, Suffolk County, Massachusetts, 02111, United States",Top Nominatim match,2026-02-21T22:25:35.228381+00:00
66,DOWNTOWN BOSTON,MEAL SITES,Boston Public Market,100 Hanover St,Boston,MA,02108,,,,"Daily, 8am - 8pm | Open Year Round Indoor Market","100 Hanover St, Boston, MA 02108",42.3625573,-71.0573822,openstreetmap_nominatim,"Bluebikes, 100, Hanover Street, Dock Square, Boston, Suffolk County, Massachusetts, 02108, United States",Top Nominatim match,2026-02-21T22:25:36.298482+00:00
67,DOWNTOWN BOSTON,MEAL SITES,"Boston Public Market,",600 Atlantic Ave.,Boston,MA,02210,,,"Tue & Thu, 11:30am - 6:30pm",Dewey Square | May 15 - Nov 20,"600 Atlantic Ave., Boston, MA 02210",42.352744,-71.0533737,openstreetmap_nominatim,"Federal Reserve Bank of Boston, 600, Atlantic Avenue, Church Green, Downtown Boston, Boston, Suffolk County, Massachusetts, 02110, United States",Top Nominatim match,2026-02-21T22:25:37.375389+00:00
68,DOWNTOWN BOSTON,MEAL SITES,Boston Public Market at Seaport,60 Seaport Blvd. Boston,,MA,,,,Wed 11:30am - 6:30pm,June 6 - Oct 31,"60 Seaport Blvd. Boston, MA 02210",42.3529334,-71.0469809,openstreetmap_nominatim,"60, Seaport Boulevard, Seaport, South Boston, Boston, Suffolk County, Massachusetts, 02210, United States",Top Nominatim match,2026-02-21T22:25:38.458356+00:00
69,DOWNTOWN BOSTON,SENIOR DINING SITES,Kit Clark Arch,100 Arch St,Boston,MA,02110,,,Wed 11am - 1pm,617-825-5000,"100 Arch St, Boston, MA 02110",42.3546898,-71.0584214,openstreetmap_nominatim,"St. Anthony Shrine, 100, Arch Street, Church Green, Downtown Boston, Boston, Suffolk County, Massachusetts, 02110, United States",Cached result,2026-02-21T22:25:39.465973+00:00
70,EAST BOSTON,FOOD PANTRIES,Holy Redeemer Church/,56 Havre St,Boston,MA,02128,(617) 567-5926,,Wed & Sun 3 - 4pm,Our Daily Bread Pantry,"56 Havre St, Boston, MA 02128",42.3710899,-71.040325,openstreetmap_nominatim,"Crossroads - St. Mary's Center for Women and Children, 56, Havre Street, Gove Street, East Boston, Boston, Suffolk County, Massachusetts, 02128, United States",Top Nominatim match,2026-02-21T22:25:39.541361+00:00
71,EAST BOSTON,FOOD PANTRIES,Grace Federated Church/,760 Saratoga St,Boston,MA,02128,(617) 569-5358,,Sat 10am - 12pm,Emergency Food Cupboard,"760 Saratoga St, Boston, MA 02128",42.3839661,-71.0171341,openstreetmap_nominatim,"Grace Federated Church, 760, Saratoga Street, Orient Heights, East Boston, Boston, Suffolk County, Massachusetts, 02128, United States",Top Nominatim match,2026-02-21T22:25:40.621167+00:00
72,EAST BOSTON,MEAL SITES,Outreach Van Project,East Boston,,MA,,(617) 872-7782,,,"Corner of Border and Saratoga St,","East Boston, MA 02128",42.3750973,-71.0392173,openstreetmap_nominatim,"East Boston, Boston, Suffolk County, Massachusetts, 02128, United States",Top Nominatim match,2026-02-21T22:25:41.689690+00:00
73,EAST BOSTON,MEAL SITES,East Boston Community,28 Paris St,,MA,,,www.ebkitchen.org,Tue 12 - 2pm & 4 - 7pm,Soup Kitchen | SNAP APPLICATION | ASSISTANCE,"28 Paris St, East Boston 02128.",34.9382966,-82.2316623,openstreetmap_nominatim,"Paris Street, Franklin Mill, Greer, Greenville County, South Carolina, 29650, United States",Top Nominatim match,2026-02-21T22:25:44.837910+00:00
74,EAST BOSTON,MEAL SITES,ABCD East Boston APAC,21 Meridian St,East Boston,MA,02128,(617) 567-8857,,,FARMERS MARKETS | ACCEPTING SNAP/HIP,"21 Meridian St, East Boston, MA 02128",42.3706833,-71.0387417,openstreetmap_nominatim,"17,19,21, Meridian Street, Maverick Square, East Boston, Boston, Suffolk County, Massachusetts, 02128, United States",Top Nominatim match,2026-02-21T22:25:45.932910+00:00
75,EAST BOSTON,MEAL SITES,East Boston Farmers Market,200 Border St,East Boston,MA,02128,,,"Wed 3 - 6:30pm, July 11 - Oct 17",,"200 Border St, East Boston, MA 02128",42.375596,-71.0398799,openstreetmap_nominatim,"200, Border Street, Central Square, East Boston, Boston, Suffolk County, Massachusetts, 02128, United States",Top Nominatim match,2026-02-21T22:25:47.006187+00:00
76,EAST BOSTON,SENIOR DINING SITES,East Boston Social Center,68 Central Sq,East Boston,MA,02128,(617) 825-5000,,"Mon - Fri, 11am - 1pm",,"68 Central Sq, East Boston, MA 02128",42.374708,-71.0387836,openstreetmap_nominatim,"Central Square, East Boston, Boston, Suffolk County, Massachusetts, United States",Top Nominatim match,2026-02-21T22:25:48.086418+00:00
77,EAST BOSTON,SENIOR DINING SITES,East Boston Heritage Apt.,209 Summer St,Boston,MA,02128,(617) 825-5000,,"Mon - Fri, 11am - 1pm",AFFORDABLE FRUIT & | VEGETABLE SOURCES,"209 Summer St, Boston, MA 02128",42.3516385,-71.0535162,openstreetmap_nominatim,"209, Summer Street, Leather District, Downtown Boston, Boston, Suffolk County, Massachusetts, 02210, United States",Top Nominatim match,2026-02-21T22:25:49.173366+00:00
78,EAST BOSTON,SENIOR DINING SITES,Fair Foods at East Boston,120 Liverpool St,East Boston,MA,02128,(617) 288-6185,,"Alt. Fri, 2:30 - 4pm",Neighborhood Health Center,"120 Liverpool St, East Boston, MA 02128",42.3707234,-71.0421069,openstreetmap_nominatim,"Liverpool Street, Maverick Landing, East Boston, Boston, Suffolk County, Massachusetts, 02128, United States",Top Nominatim match,2026-02-21T22:25:50.251960+00:00
79,HYDE PARK,FOOD PANTRIES,Hyde Park Food Pantry,1179 River St,Hyde Park,MA,02136,(617) 637-7413,,"Tue & Thu, 9:30am - 12:30pm",Hyde Park Municipal Building,"1179 River St, Hyde Park, MA 02136",42.2564214,-71.1209954,openstreetmap_nominatim,"BCYF Hyde Park, 1179, River Street, Fairmount, Hyde Park, Boston, Suffolk County, Massachusetts, 02136, United States",Top Nominatim match,2026-02-21T22:25:51.338908+00:00
80,HYDE PARK,FOOD PANTRIES,Rehoboth Baptist Church of Boston,931 Hyde Park Ave,Hyde Park,MA,02136,(857) 413-0490,,"2nd & 4th Sat, 12 - 2pm",,"931 Hyde Park Ave, Hyde Park, MA 02136",42.2679628,-71.1214143,openstreetmap_nominatim,"931, Hyde Park Avenue, Hyde Park, Boston, Suffolk County, Massachusetts, 02136, United States",Top Nominatim match,2026-02-21T22:25:52.424366+00:00
81,HYDE PARK,SENIOR DINING SITES,Blake Estates,1344 Hyde Park Ave,Hyde Park,MA,02136,(617) 522-6700,,Tue & Thu 11:30 am - 1pm,,"1344 Hyde Park Ave, Hyde Park, MA 02136",42.2519853,-71.1247573,openstreetmap_nominatim,"1344, Hyde Park Avenue, Hyde Park, Boston, Suffolk County, Massachusetts, 02136, United States",Top Nominatim match,2026-02-21T22:25:53.503939+00:00
82,JAMAICA PLAIN,FOOD PANTRIES,ABCD/Jamaica Plain,30 Bickford St,Jamaica Plain,MA,02130,(617) 522-4830,,"Tue, Wed & Thu, 10am - 1pm",,"30 Bickford St, Jamaica Plain, MA 02130",42.323319,-71.1022019,openstreetmap_nominatim,"30, Bickford Street, Mildred C. Hailey Apartments, Jamaica Plain, Boston, Suffolk County, Massachusetts, 02130, United States",Top Nominatim match,2026-02-21T22:25:54.602411+00:00
83,JAMAICA PLAIN,FOOD PANTRIES,St. Vincent De Paul/,45 Brookside Ave,Jamaica Plain,MA,02130,(617) 524-0240,,Mon 6 - 8pm,Our Lady of Lourdes,"45 Brookside Ave, Jamaica Plain, MA 02130",42.3135403,-71.1036348,openstreetmap_nominatim,"Our Lady of Lourdes Parish Center, 45, Brookside Avenue, Roxbury, Boston, Suffolk County, Massachusetts, 02130, United States",Top Nominatim match,2026-02-21T22:25:55.683720+00:00
84,JAMAICA PLAIN,MEAL SITES,Pine Street Inn Shattuck Shelter,170 Morton St,Jamaica Plain,MA,02130,,,,Lemuel Shattuck Hospital | FARMERS MARKETS | ACCEPTING SNAP/HIP,"170 Morton St, Jamaica Plain, MA 02130",42.2990678,-71.1012435,openstreetmap_nominatim,"Lemuel Shattuck Hospital, 170, Morton Street, Roxbury, Boston, Suffolk County, Massachusetts, 02131, United States",Top Nominatim match,2026-02-21T22:25:56.763738+00:00
85,JAMAICA PLAIN,MEAL SITES,Egleston Farmers Market,31 Germania St,Jamaica Plain,MA,02130,,,"Sat 10am - 2pm, May 12 - Nov 17",,"31 Germania St, Jamaica Plain, MA 02130",,,openstreetmap_nominatim,,No match returned,2026-02-21T22:25:57.845907+00:00
86,JAMAICA PLAIN,MEAL SITES,Jamaica Plain Farmers Market,677 Centre St,Jamaica Plain,MA,02130,,,Tue & Sat 12 - 5pm,May 5 - Nov 17,"677 Centre St, Jamaica Plain, MA 02130",42.312201,-71.1145108,openstreetmap_nominatim,"Bank of America, 677, Centre Street, Jamaica Plain, Boston, Suffolk County, Massachusetts, 02130, United States",Top Nominatim match,2026-02-21T22:25:58.928570+00:00
87,JAMAICA PLAIN,SENIOR DINING SITES,Ethos Jamaica Plain at,100 South Huntington Ave,Jamaica Plain,MA,02130,(617) 522-6700,,"Mon - Fri, 11:30am - 1pm",Back of the Hill,"100 South Huntington Ave, Jamaica Plain, MA 02130",42.3293083,-71.1103909,openstreetmap_nominatim,"Back of the Hill Apartments, 100, South Huntington Avenue, Jamaica Plain, Boston, Suffolk County, Massachusetts, 02120, United States",Top Nominatim match,2026-02-21T22:26:00.017276+00:00
88,JAMAICA PLAIN,SENIOR DINING SITES,Ethos Jamaica Plain at Out4Supper,301 South Huntington Ave,Jamaica Plain,MA,02130,(617) 522-6700,,"1st Tue, 6 - 8pm",,"301 South Huntington Ave, Jamaica Plain, MA 02130",42.324126,-71.1123753,openstreetmap_nominatim,"301, South Huntington Avenue, Jamaica Plain, Boston, Suffolk County, Massachusetts, 02130, United States",Top Nominatim match,2026-02-21T22:26:01.096974+00:00
89,JAMAICA PLAIN,SENIOR DINING SITES,Ethos Jamaica Plain at,90 Bickford St,Boston,MA,02130,(617) 522-6700,,Wed 11:30am - 1pm,Julia Martin House,"90 Bickford St, Boston, MA 02130",42.3237996,-71.1018485,openstreetmap_nominatim,"Julia Martin House, 90, Bickford Street, Mildred C. Hailey Apartments, Jamaica Plain, Boston, Suffolk County, Massachusetts, 02120, United States",Top Nominatim match,2026-02-21T22:26:02.179255+00:00
90,JAMAICA PLAIN,SENIOR DINING SITES,"Ethos Jamaica Plain at Amory St,",125 Amory St,Boston,MA,02119,(617) 522-6700,,"Mon - Fri, 11:45am - 1pm",,"125 Amory St, Boston, MA 02119",42.3202721,-71.1011034,openstreetmap_nominatim,"125A, Amory Street, Roxbury, Boston, Suffolk County, Massachusetts, 02120, United States",Top Nominatim match,2026-02-21T22:26:03.263394+00:00
91,JAMAICA PLAIN,SENIOR DINING SITES,Ethos Jamaica Plain at,155 Lamartine St,Boston,MA,02130,(617) 522-6700,,"Wed & Fri, 11:15am - 1pm",Nate Smith House,"155 Lamartine St, Boston, MA 02130",42.3182149,-71.1046686,openstreetmap_nominatim,"155, Lamartine Street, Jamaica Plain, Boston, Suffolk County, Massachusetts, 02130, United States",Top Nominatim match,2026-02-21T22:26:04.346594+00:00
92,JAMAICA PLAIN,SENIOR DINING SITES,Ethos Jamaica Plain,633 Centre St,Boston,MA,02130,(617) 522-6700,,Sat 12:45 - 2pm,at CrossRoads Café,"633 Centre St, Boston, MA 02130",42.3137355,-71.1146662,openstreetmap_nominatim,"First Baptist Church In Jamaica Plain, 633, Centre Street, Jamaica Plain, Boston, Suffolk County, Massachusetts, 02130, United States",Top Nominatim match,2026-02-21T22:26:05.888438+00:00
93,JAMAICA PLAIN,SENIOR DINING SITES,"Ethos Jamaica Plain, Farnsworth",90 South St,Jamaica Plain,MA,02130,(617) 522-6700,,"Mon - Fri, 11:15am - 1pm",,"90 South St, Jamaica Plain, MA 02130",42.3064431,-71.1146436,openstreetmap_nominatim,"Farnsworth House, 90, South Street, Jamaica Plain, Boston, Suffolk County, Massachusetts, 02130, United States",Top Nominatim match,2026-02-21T22:26:07.001404+00:00
94,JAMAICA PLAIN,SENIOR DINING SITES,Ethos Jamaica Plain,6 Southbourne Rd,Jamaica Plain,MA,02130,(617) 522-6700,,"Mon - Fri, 11:30 - 1pm",at Woodbourne | AFFORDABLE FRUIT & | VEGETABLE SOURCES,"6 Southbourne Rd, Jamaica Plain, MA 02130",42.2901267,-71.1177116,openstreetmap_nominatim,"6, Southbourne Road, Roslindale, Boston, Suffolk County, Massachusetts, 02130, United States",Top Nominatim match,2026-02-21T22:26:08.091147+00:00
95,JAMAICA PLAIN,SENIOR DINING SITES,Fair Foods at,75 Bickford St,Jamaica Plain,MA,02119,(617) 288-6185,,Alt. Fri 12 - 1pm,Martha Elliot Health Ctr.,"75 Bickford St, Jamaica Plain, MA 02119",42.32445,-71.1021487,openstreetmap_nominatim,"Boston Children's at Martha Eliot, 75, Bickford Street, Mildred C. Hailey Apartments, Jamaica Plain, Boston, Suffolk County, Massachusetts, 02120, United States",Top Nominatim match,2026-02-21T22:26:09.188234+00:00
96,JAMAICA PLAIN,SENIOR DINING SITES,Fair Foods at Amory St.,Building 125 Amory St,Jamaica Plain,MA,02119,(617) 288-6185,,"2nd & 4th Thu, 3 - 4pm",,"Building 125 Amory St, Jamaica Plain, MA 02119",42.3089419,-71.108045,openstreetmap_nominatim,"Amory Street, Jamaica Plain, Boston, Suffolk County, Massachusetts, 02130, United States",Top Nominatim match,2026-02-21T22:26:10.277511+00:00
97,MATTAPAN,FOOD PANTRIES,Gladtidings,573 Norfolk St,Mattapan,MA,02126,(617) 296-6784,,Fri 10am - 12:30pm,,"573 Norfolk St, Mattapan, MA 02126",42.2773728,-71.0923006,openstreetmap_nominatim,"Gladtidings House of Prayer for All Nations, 573, Norfolk Street, Mattapan, Boston, Suffolk County, Massachusetts, 02126, United States",Top Nominatim match,2026-02-21T22:26:11.352294+00:00
98,MATTAPAN,FOOD PANTRIES,"Healthy Baby, Healthy Child",213 River St,Mattapan,MA,02126,(617) 534-2032,,"Mon, Wed & Fri, 10am - 2:45pm",,"213 River St, Mattapan, MA 02126",42.2741601,-71.0817998,openstreetmap_nominatim,"Ward A, 213, River Street, Mattapan, Boston, Suffolk County, Massachusetts, 02126, United States",Top Nominatim match,2026-02-21T22:26:12.428986+00:00
99,MATTAPAN,FOOD PANTRIES,Greater Boston Nazarene,130 River St,Mattapan,MA,02126,(617) 296-7450,,"Wed & Fri, 8am - 1pm",Compassionate Ctr. | FARMERS MARKETS | ACCEPTING SNAP/HIP,"130 River St, Mattapan, MA 02126",42.2711401,-71.0768643,openstreetmap_nominatim,"130, River Street, Mattapan, Boston, Suffolk County, Massachusetts, 02126, United States",Top Nominatim match,2026-02-21T22:26:13.511925+00:00
100,MATTAPAN,FOOD PANTRIES,Mattapan Square,Mattapan,,MA,,,,"Sat 10am - 1pm, July 14 - Oct 13",Farmers Market | City Municipal Parking Lot #14 | Corner of Cummins Hwy & Fairway St.,"Mattapan, MA 02126",42.2723208,-71.0869953,openstreetmap_nominatim,"Mattapan, Boston, Suffolk County, Massachusetts, 02126, United States",Top Nominatim match,2026-02-21T22:26:14.604122+00:00
101,MATTAPAN,SENIOR DINING SITES,Church of the Holy Spirit,525 River St,Boston,MA,02126,,,"Mon - Fri, 11:30 - 1pm",617-522-6700,"525 River St, Boston, MA 02126",42.2676605,-71.0952409,openstreetmap_nominatim,"525, River Street, Mattapan, Boston, Suffolk County, Massachusetts, 02126, United States",Top Nominatim match,2026-02-21T22:26:15.693116+00:00
102,NORTH END,FOOD PANTRIES,ABCD North End/,1 Michelangelo St,Boston,MA,02113,(617) 523-8125,,"Mon & Fri, 1 - 3:30pm",West End Pantry,"1 Michelangelo St, Boston, MA 02113",42.36719,-71.054852,openstreetmap_nominatim,"1, Michelangelo Street, North End, Boston, Suffolk County, Massachusetts, 02113, United States",Top Nominatim match,2026-02-21T22:26:16.776273+00:00
102,NORTH END,MEAL SITES,ABCD North End/,1 Michelangelo St,Boston,MA,02113,(617) 523-8125,,"Tue, Wed & Thu, 1 - 3:30pm",West End Neighborhood,"1 Michelangelo St, Boston, MA 02113",42.36719,-71.054852,openstreetmap_nominatim,"1, Michelangelo Street, North End, Boston, Suffolk County, Massachusetts, 02113, United States",Cached result,2026-02-21T22:26:17.782683+00:00
103,ROSLINDALE,FARMERS MARKETS ACCEPTING SNAP/HIP,Roslindale Village,Adams Park,Roslindale,MA,02131,,,"Sat 9am - 1:30pm, June 2 - Nov 20",Farmers Market,"Adams Park, Roslindale, MA 02131",,,openstreetmap_nominatim,,No match returned,2026-02-21T22:26:17.855617+00:00
104,ROSLINDALE,SENIOR DINING SITES,Ethos Roslindale at Out,120 Poplar St,Roslindale,MA,02131,(617) 522-6700,,"1st Sat, 11:30am - 2pm",to Brunch (LGBT) | AFFORDABLE FRUIT & | VEGETABLE SOURCES,"120 Poplar St, Roslindale, MA 02131",42.2841187,-71.1278406,openstreetmap_nominatim,"120, Poplar Street, Mount Hope, Roslindale, Boston, Suffolk County, Massachusetts, 02131, United States",Top Nominatim match,2026-02-21T22:26:18.933890+00:00
105,ROSLINDALE,SENIOR DINING SITES,Fair Foods at Roslindale,6 Cummins Hwy,Roslindale,MA,02131,,,"Alt. Wed, 3:30 - 5pm",Community Center | ROXBURY/ | MISSION HILL,"6 Cummins Hwy, Roslindale, MA 02131",42.286146,-71.127489,openstreetmap_nominatim,"6, Cummins Highway, Mount Hope, Roslindale, Boston, Suffolk County, Massachusetts, 02131, United States",Top Nominatim match,2026-02-21T22:26:20.009903+00:00
106,ROSLINDALE,FOOD PANTRIES,People’s Baptist Church,134 Camden St,Boston,MA,02118,(617) 427-0424,,"3rd Wed, 9:30 - 11am",,"134 Camden St, Boston, MA 02118",42.3382159,-71.0818658,openstreetmap_nominatim,"134, Camden Street, South End, Boston, Suffolk County, Massachusetts, 02118, United States",Top Nominatim match,2026-02-21T22:26:21.108690+00:00
107,ROSLINDALE,FOOD PANTRIES,Warwick House/,175 Ruggles St,Roxbury Crossing,MA,02120,(617) 445-8915,,Thu 8 - 9am,St. Katherine Drexel,"175 Ruggles St, Roxbury Crossing, MA 02120",42.3344535,-71.0878384,openstreetmap_nominatim,"175, Ruggles Street, Roxbury Crossing, Roxbury, Boston, Suffolk County, Massachusetts, 02120, United States",Top Nominatim match,2026-02-21T22:26:22.186334+00:00
108,ROSLINDALE,FOOD PANTRIES,Grant A.M.E.,1906 Washington St. Boston,,MA,,(617) 427-0670,,"1st & 3rd Thu, 8am - 1pm",,"1906 Washington St. Boston, MA 02118",42.3343627,-71.0791404,openstreetmap_nominatim,"Grant African Methodist Episcopal Zion Church, 1906, Washington Street, South End, Boston, Suffolk County, Massachusetts, 02118, United States",Top Nominatim match,2026-02-21T22:26:23.266732+00:00
109,ROSLINDALE,FOOD PANTRIES,Rosie’s Place,889 Harrison Ave,Boston,MA,02118,(617) 318-0236,,"Tue - Fri, 9am - 12pm & 4:30 - 6pm",,"889 Harrison Ave, Boston, MA 02118",42.3340958,-71.076904,openstreetmap_nominatim,"889, Harrison Avenue, South End, Boston, Suffolk County, Massachusetts, 02118, United States",Top Nominatim match,2026-02-21T22:26:24.348824+00:00
109,ROSLINDALE,MEAL SITES,Rosie’s Place,889 Harrison Ave,Boston,MA,02118,(617) 442-9322,,Mon - Fri,,"889 Harrison Ave, Boston, MA 02118",42.3340958,-71.076904,openstreetmap_nominatim,"889, Harrison Avenue, South End, Boston, Suffolk County, Massachusetts, 02118, United States",Cached result,2026-02-21T22:26:25.355965+00:00
110,ROSLINDALE,FOOD PANTRIES,Boston Missionary Baptist,336 Dudley St,Roxbury,MA,02119,(617) 427-4448,,,Community Ctr.,"336 Dudley St, Roxbury, MA 02119",42.3273887,-71.0765066,openstreetmap_nominatim,"336, Dudley Street, Nubian Square, Roxbury, Boston, Suffolk County, Massachusetts, 02119, United States",Top Nominatim match,2026-02-21T22:26:25.435866+00:00
111,ROSLINDALE,FOOD PANTRIES,Omega Men in Action,32-34 Linwood St,Roxbury,MA,02119,(617) 708-0741,,,,"32-34 Linwood St, Roxbury, MA 02119",42.3280679,-71.0935676,openstreetmap_nominatim,"Linwood Street, Nubian Square, Roxbury, Boston, Suffolk County, Massachusetts, 02119, United States",Top Nominatim match,2026-02-21T22:26:26.523687+00:00
112,ROSLINDALE,FOOD PANTRIES,Resurrection Lutheran Church,94 Warren St,Roxbury,MA,02119,(617) 427-2066,,,,"94 Warren St, Roxbury, MA 02119",42.3272681,-71.0827071,openstreetmap_nominatim,"Resurrection Lutheran Church, 94, Warren Street, Nubian Square, Roxbury, Boston, Suffolk County, Massachusetts, 02119, United States",Top Nominatim match,2026-02-21T22:26:27.601241+00:00
113,ROSLINDALE,FOOD PANTRIES,Fair Foods at Yawkey,115 Warren St,Roxbury,MA,02119,(617) 427-6050,,Tue 4:30 - 5:30pm,Boys and Girls Club,"115 Warren St, Roxbury, MA 02119",42.326771,-71.08376,openstreetmap_nominatim,"Yawkey Club of Roxbury, 115, Warren Street, Nubian Square, Roxbury, Boston, Suffolk County, Massachusetts, 02119, United States",Top Nominatim match,2026-02-21T22:26:28.689576+00:00
114,ROSLINDALE,FOOD PANTRIES,Twelfth Baptist Church,160 Warren St,Roxbury,MA,02119,(617) 442-7855,,Tue 12:30 - 1:30pm,,"160 Warren St, Roxbury, MA 02119",42.3253778,-71.0827824,openstreetmap_nominatim,"160, Warren Street, Roxbury, Boston, Suffolk County, Massachusetts, 02119, United States",Top Nominatim match,2026-02-21T22:26:29.780719+00:00
115,ROSLINDALE,FOOD PANTRIES,Boston Treatment Ctr.,56 Dale St,Roxbury,MA,02119,(617) 445-7525,,,Eliot Congregational Church,"56 Dale St, Roxbury, MA 02119",42.321185,-71.085573,openstreetmap_nominatim,"56, Dale Street, Roxbury, Boston, Suffolk County, Massachusetts, 02119, United States",Top Nominatim match,2026-02-21T22:26:30.875460+00:00
116,ROSLINDALE,FOOD PANTRIES,Church of God of Prophecy,270 Warren St,Roxbury,MA,02119,(617) 427-7766,,,,"270 Warren St, Roxbury, MA 02119",42.3219344,-71.0818719,openstreetmap_nominatim,"270, Warren Street, Roxbury, Boston, Suffolk County, Massachusetts, 02119, United States",Top Nominatim match,2026-02-21T22:26:31.961227+00:00
117,ROSLINDALE,FOOD PANTRIES,American Red Cross,1033 Massachusetts Ave,Boston,MA,02118,(617) 375-0735,,"Wed & Sat, 9am - 12pm",,"1033 Massachusetts Ave, Boston, MA 02118",42.3271497,-71.067652,openstreetmap_nominatim,"Liquor Land, 1033, Massachusetts Avenue, Roxbury, Boston, Suffolk County, Massachusetts, 02118, United States",Top Nominatim match,2026-02-21T22:26:33.048293+00:00
118,ROSLINDALE,FOOD PANTRIES,Emmanuel Temple Church,471 Warren St,Dorchester,MA,02121,(617) 442-8500,,"1st Wed, 2 - 3:30pm",,"471 Warren St, Dorchester MA 02121",,,openstreetmap_nominatim,,No match returned,2026-02-21T22:26:34.131744+00:00
119,ROSLINDALE,FOOD PANTRIES,Charles Street A.M.E. Church,551 Warren St,Dorchester,MA,02121,(617) 442-7770,,"1st & 3rd Thu, 12 - 2pm",,"551 Warren St, Dorchester MA 02121",,,openstreetmap_nominatim,,No match returned,2026-02-21T22:26:35.209203+00:00
120,ROSLINDALE,FOOD PANTRIES,ABCD Roxbury/North Dorchester,565 Warren St,Dorchester,MA,02121,(617) 442-5900,,"Mon - Thu, 10am - 1pm",Neighborhood Opportunity Center,"565 Warren St, Dorchester, MA 02121",,,openstreetmap_nominatim,,No match returned,2026-02-21T22:26:36.273945+00:00
121,ROSLINDALE,FOOD PANTRIES,Berea Church Pantry,108 Seaver St,Dorchester,MA,02121,(617) 427-2201,,"1st & 3rd Thu, 9:30 - 11:30am",,"108 Seaver St, Dorchester MA 02121",,,openstreetmap_nominatim,,No match returned,2026-02-21T22:26:37.354780+00:00
122,ROSLINDALE,FOOD PANTRIES,St. Mary of the Angels,377 Walnut Ave,Roxbury,MA,02119,(617) 833-1898,,Wed 5 - 6:30pm,,"377 Walnut Ave, Roxbury, MA 02119",42.3137401,-71.0951019,openstreetmap_nominatim,"377, Walnut Avenue, Roxbury, Boston, Suffolk County, Massachusetts, 02119, United States",Top Nominatim match,2026-02-21T22:26:38.440328+00:00
123,ROSLINDALE,FOOD PANTRIES,Grace and Hope Mission,1900 Columbus Ave,Roxbury,MA,02119,(617) 442-7579,,Tue 11am - 12pm,,"1900 Columbus Ave, Roxbury, MA 02119",42.3171639,-71.0979939,openstreetmap_nominatim,"1900, Columbus Avenue, Roxbury, Boston, Suffolk County, Massachusetts, 02119, United States",Top Nominatim match,2026-02-21T22:26:39.519845+00:00
124,ROSLINDALE,FOOD PANTRIES,ABCD/Parker Hill Fenway,714 Parker St,Roxbury Crossing,MA,02120,(617) 445-6000,,"Mon, Thu & Fri, 9am - 12:30pm",Neighborhood Service Ctr. | FARMERS MARKETS | ACCEPTING SNAP/HIP,"714 Parker St, Roxbury Crossing, MA 02120",,,openstreetmap_nominatim,,No match returned,2026-02-21T22:26:40.593811+00:00
125,ROSLINDALE,FOOD PANTRIES,NUBIA Farmers Market,100 Malcolm X Blvd,Roxbury Crossing,MA,02120,,,"Fri 12 - 3pm, July 6 - Oct 30",,"100 Malcolm X Blvd, Roxbury Crossing, MA 02120",42.3309021,-71.0933788,openstreetmap_nominatim,"Islamic Society of Boston Cultural Center, 100, Malcolm X Boulevard, Roxbury Crossing, Roxbury, Boston, Suffolk County, Massachusetts, 02120, United States",Top Nominatim match,2026-02-21T22:26:41.670865+00:00
126,ROSLINDALE,FOOD PANTRIES,Dudley Town Common,1 Blue Hill Ave.,Roxbury,MA,02119,,,"Thu 3 - 7pm, June 14 - Nov 1",Farmers Market,"1 Blue Hill Ave., Roxbury MA 02119",42.325215,-71.07524,openstreetmap_nominatim,"1, Blue Hill Avenue, Nubian Square, Grove Hall, Roxbury, Boston, Suffolk County, Massachusetts, 02119, United States",Top Nominatim match,2026-02-21T22:26:42.758060+00:00
127,ROSLINDALE,FOOD PANTRIES,Roxbury Crossing Farmers Market,Roxbury,,MA,,,,"Tu & Fri, 12pm - 7pm",Tremont St. & Columbus Ave. | June 26 - Nov 20,"Roxbury, MA 02120",42.3289067,-71.0850853,openstreetmap_nominatim,"Roxbury, Boston, Suffolk County, Massachusetts, United States",Top Nominatim match,2026-02-21T22:26:43.846736+00:00
128,ROSLINDALE,FOOD PANTRIES,Brigham Circle Farmers Market,Roxbury,,MA,,,,"Thu, 11am - 6pm, June 28 - Nov 27",Tremont & Francis St.,"Roxbury, MA 02120",42.3289067,-71.0850853,openstreetmap_nominatim,"Roxbury, Boston, Suffolk County, Massachusetts, United States",Cached result,2026-02-21T22:26:44.849865+00:00
129,ROSLINDALE,SENIOR DINING SITES,Kit Clark at Roxbury Alianza,63 Parker Hill Ave,Boston,MA,02120,(617) 825-5000,,"Mon - Fri, 11am - 1pm",,"63 Parker Hill Ave, Boston, MA 02120",42.3303481,-71.1093947,openstreetmap_nominatim,"63, Parker Hill Avenue, Mission Hill, Boston, Suffolk County, Massachusetts, 02120, United States",Top Nominatim match,2026-02-21T22:26:44.957541+00:00
130,ROSLINDALE,SENIOR DINING SITES,Kit Clark at Roxbury,25 Ruggles St,Roxbury,MA,02119,(617) 825-5000,,"Mon - Fri, 11am - 1pm",,"25 Ruggles St, Roxbury, MA 02119",42.3319338,-71.08323,openstreetmap_nominatim,"25, Ruggles Street, Nubian Square, Roxbury, Boston, Suffolk County, Massachusetts, 02119, United States",Top Nominatim match,2026-02-21T22:26:46.034153+00:00
131,ROSLINDALE,SENIOR DINING SITES,Kit Clark People’s Baptist Church,134 Camden St,Boston,MA,02118,(617) 825-5000,,Thu 11am - 1pm,,"134 Camden St, Boston, MA 02118",42.3382159,-71.0818658,openstreetmap_nominatim,"134, Camden Street, South End, Boston, Suffolk County, Massachusetts, 02118, United States",Cached result,2026-02-21T22:26:47.040594+00:00
132,ROSLINDALE,SENIOR DINING SITES,Kit Clark Roxbury at St Patrick’s,400 Dudley St,Boston,MA,02119,(617) 825-5000,,Tue 11am - 1pm,,"400 Dudley St, Boston, MA 02119",42.324516,-71.074397,openstreetmap_nominatim,"400, Dudley Street, Roxbury, Boston, Suffolk County, Massachusetts, 02119, United States",Top Nominatim match,2026-02-21T22:26:47.118197+00:00
133,ROSLINDALE,SENIOR DINING SITES,Kit Clark at Roxbury,237 Walnut Ave,Roxbury,MA,02119,(617) 825-5000,,Fri 11am - 1pm,AFFORDABLE FRUIT & | VEGETABLE SOURCES,"237 Walnut Ave, Roxbury, MA 02119",42.3189029,-71.091034,openstreetmap_nominatim,"237, Walnut Avenue, Roxbury, Boston, Suffolk County, Massachusetts, 02119, United States",Top Nominatim match,2026-02-21T22:26:48.221067+00:00
134,ROSLINDALE,SENIOR DINING SITES,Fair Foods at,115 Warren St,Roxbury,MA,02119,(617) 288-6185,,Tue 4:30 - 5:30pm,Yawkey Boys & Girls Club,"115 Warren St, Roxbury, MA 02119",42.326771,-71.08376,openstreetmap_nominatim,"Yawkey Club of Roxbury, 115, Warren Street, Nubian Square, Roxbury, Boston, Suffolk County, Massachusetts, 02119, United States",Cached result,2026-02-21T22:26:49.231809+00:00
135,ROSLINDALE,SENIOR DINING SITES,Fair Foods at Salvation Army,23 Vernon St,Roxbury,MA,02119,(617) 288-6185,,Tue 2:30 - 3:30pm,,"23 Vernon St, Roxbury, MA 02119",42.3308783,-71.0846435,openstreetmap_nominatim,"23;27;29, Vernon Street, Nubian Square, Roxbury, Boston, Suffolk County, Massachusetts, 02119, United States",Top Nominatim match,2026-02-21T22:26:49.292996+00:00
136,ROSLINDALE,SENIOR DINING SITES,Fair Foods at,10 Putnam St,Boston,MA,02119,(617) 288-6185,,Sat 11am - 2pm,First Church of Roxbury,"10 Putnam St, Boston, MA 02119",42.3298838,-71.0891574,openstreetmap_nominatim,"10, Putnam Street, Roxbury Crossing, Roxbury, Boston, Suffolk County, Massachusetts, 02119, United States",Top Nominatim match,2026-02-21T22:26:50.390570+00:00
137,ROSLINDALE,SENIOR DINING SITES,Fair Foods at,180 Ruggles St,Boston,MA,02120,(617) 288-6185,,Thu 4 - 5pm,Whittier Street Apt.,"180 Ruggles St, Boston, MA 02120",42.3341166,-71.0878256,openstreetmap_nominatim,"180, Ruggles Street, Roxbury Crossing, Roxbury, Boston, Suffolk County, Massachusetts, 02115, United States",Top Nominatim match,2026-02-21T22:26:51.476933+00:00
138,ROSLINDALE,SENIOR DINING SITES,Fair Foods at,1481 Tremont St,Boston,MA,02120,(617) 288-6185,,Wed 4:30 - 5:30pm,Tobin Community Ctr.,"1481 Tremont St, Boston, MA 02120",42.332023,-71.098017,openstreetmap_nominatim,"1481, Tremont Street, Mission Hill, Boston, Suffolk County, Massachusetts, 02120, United States",Top Nominatim match,2026-02-21T22:26:52.603345+00:00
139,ROSLINDALE,SENIOR DINING SITES,Fair Foods at Roxbury Tenants,805 Huntington Ave,Boston,MA,02115,(617) 288-6185,,"4th Fri, 3 - 4pm",,"805 Huntington Ave, Boston, MA 02115",42.3331774,-71.1081597,openstreetmap_nominatim,"805, Huntington Avenue, Mission Hill, Boston, Suffolk County, Massachusetts, 02115, United States",Top Nominatim match,2026-02-21T22:26:53.679696+00:00
140,ROSLINDALE,SENIOR DINING SITES,Fair Foods at Walnut Park Apt.,1990 Columbus Ave,Roxbury,MA,02119,(617) 288-6185,,Sat 11am - 1pm,,"1990 Columbus Ave, Roxbury, MA 02119",42.3153241,-71.0972086,openstreetmap_nominatim,"Walnut Park Apartments, 1990, Columbus Avenue, Walnut Park Apartments, Roxbury, Boston, Suffolk County, Massachusetts, 02119, United States",Top Nominatim match,2026-02-21T22:26:54.754859+00:00
141,ROSLINDALE,SENIOR DINING SITES,Daily Table - Roxbury,2201 Washington Street,Roxbury,MA,02119,,,,617-516-8174,"2201 Washington Street, Roxbury, MA 02119",42.3311638,-71.0831539,openstreetmap_nominatim,"2201, Washington Street, Nubian Square, Roxbury, Boston, Suffolk County, Massachusetts, 02119, United States",Top Nominatim match,2026-02-21T22:26:55.846818+00:00
142,SOUTH BOSTON,FOOD PANTRIES,Fourth Presbyterian Church,340 Dorchester St,South Boston,MA,02127,(617) 268-1281,,,,"340 Dorchester St, South Boston MA 02127",42.3306683,-71.0540472,openstreetmap_nominatim,"Fourth Presbyterian Church, 340, Dorchester Street, South Boston, Boston, Suffolk County, Massachusetts, 01125, United States",Top Nominatim match,2026-02-21T22:26:56.932778+00:00
143,SOUTH BOSTON,FOOD PANTRIES,St. Augustine’s - St. Monica’s,331 Old Colony Ave,South Boston,MA,02127,(617) 268-1230,,Wed 12:30 - 1:30pm,,"331 Old Colony Ave, South Boston, MA 02127",42.3295369,-71.052782,openstreetmap_nominatim,"331, Old Colony Avenue, South Boston, Boston, Suffolk County, Massachusetts, 02127, United States",Top Nominatim match,2026-02-21T22:26:58.012680+00:00
144,SOUTH BOSTON,FOOD PANTRIES,St. Vincent de Paul Parish,363 E St,South Boston,MA,02127,(617) 268-8100,,,FARMERS MARKETS | ACCEPTING SNAP/HIP,"363 E St, South Boston MA 02127",42.338705,-71.048064,openstreetmap_nominatim,"363, E Street, Dorchester Heights, South Boston, Boston, Suffolk County, Massachusetts, 02127, United States",Top Nominatim match,2026-02-21T22:26:59.091072+00:00
145,SOUTH BOSTON,FOOD PANTRIES,South Boston Farmers Market,South Boston,,MA,,,,"Mon, 12 - 6pm, June 4 - Oct 29","446 West Broadway,","South Boston, MA 02127",42.3334312,-71.0494949,openstreetmap_nominatim,"South Boston, Boston, Suffolk County, Massachusetts, United States",Top Nominatim match,2026-02-21T22:27:00.191666+00:00
146,SOUTH BOSTON,SENIOR DINING SITES,Kit Clark at Curley,1663 Columbia Rd,Boston,MA,02127,(617) 825-5000,,"Mon - Fri, 11am - 1pm",,"1663 Columbia Rd, Boston, MA 02127",42.3292211,-71.0367674,openstreetmap_nominatim,"Curley Comunity Center, 1663, Columbia Road, Dorchester Heights, South Boston, Boston, Suffolk County, Massachusetts, 02127, United States",Top Nominatim match,2026-02-21T22:27:01.284229+00:00
147,SOUTH BOSTON,SENIOR DINING SITES,Kit Clark at Neighborhood House,136 H St,Boston,MA,02127,(617) 825-5000,,"Mon, Wed & Fri, 11am - 1pm",AFFORDABLE FRUIT & | VEGETABLE SOURCES,"136 H St, Boston, MA 02127",42.3331801,-71.0412155,openstreetmap_nominatim,"136, H Street, Dorchester Heights, South Boston, Boston, Suffolk County, Massachusetts, 02127, United States",Top Nominatim match,2026-02-21T22:27:02.361738+00:00
148,SOUTH BOSTON,SENIOR DINING SITES,Fair Foods at West,115 Orton Marotta Way,Boston,MA,02127,(617) 288-6185,,Tue 1:30 - 2:30pm,Broadway Task Force,"115 Orton Marotta Way, Boston, MA 02127",42.3378846,-71.0548742,openstreetmap_nominatim,"115, Orton-Marotta Way, West Broadway Homes, South Boston, Boston, Suffolk County, Massachusetts, 02127, United States",Top Nominatim match,2026-02-21T22:27:03.441551+00:00
149,SOUTH BOSTON,SENIOR DINING SITES,Fair Foods at,345 Old Colony Ave,Boston,MA,02127,(617) 288-6185,,Fri 2:30 - 3:30pm,McCormack Task Force,"345 Old Colony Ave, Boston, MA 02127",42.3287846,-71.0529184,openstreetmap_nominatim,"345, Old Colony Avenue, South Boston, Boston, Suffolk County, Massachusetts, 01125, United States",Top Nominatim match,2026-02-21T22:27:04.527844+00:00
150,SOUTH BOSTON,SENIOR DINING SITES,Fair Foods at,1000 Massachusetts Ave,Boston,MA,02118,(617) 288-6185,,"Alt. Wed, 11am - 12pm",La Alianza Hispana,"1000 Massachusetts Ave, Boston, MA 02118",42.3278598,-71.0675624,openstreetmap_nominatim,"1000, Massachusetts Avenue, Dorchester, Boston, Suffolk County, Massachusetts, 02118, United States",Top Nominatim match,2026-02-21T22:27:05.611390+00:00
151,SOUTH BOSTON,MEAL SITES,Southampton St. Shelter,112 Southampton St,Boston,MA,02118,(617) 534-6100,,Mon - Sun,,"112 Southampton St, Boston, MA 02118",42.3324262,-71.0691465,openstreetmap_nominatim,"Southampton Street Shelter, 110;112, Southampton Street, Dorchester, Boston, Suffolk County, Massachusetts, 02118, United States",Top Nominatim match,2026-02-21T22:27:06.693073+00:00
152,SOUTH END,FOOD PANTRIES,Boston Medical Ctr.,850 Harrison Avenue,Boston,MA,02118,(617) 414-3834,,"Mon - Fri, 10am - 4pm",,"850 Harrison Avenue, Boston, MA 02118",42.3344288,-71.0740944,openstreetmap_nominatim,"Yawkey, 850, Harrison Avenue, South End, Boston, Suffolk County, Massachusetts, 02118, United States",Top Nominatim match,2026-02-21T22:27:07.820076+00:00
153,SOUTH END,FOOD PANTRIES,Project Place,1145 Washington St,Boston,MA,02118,(617) 542-3740,,,,"1145 Washington St, Boston, MA 02118",42.3439187,-71.0662406,openstreetmap_nominatim,"1145, Washington Street, South End, Boston, Suffolk County, Massachusetts, 02118, United States",Top Nominatim match,2026-02-21T22:27:08.901301+00:00
154,SOUTH END,FOOD PANTRIES,Salvation Army,1500 Washington St,Boston,MA,02118,(617) 236-7233,,,,"1500 Washington St, Boston, MA 02118",42.3397583,-71.0718055,openstreetmap_nominatim,"Salvation Army, 1500, Washington Street, South End, Boston, Suffolk County, Massachusetts, 02118, United States",Top Nominatim match,2026-02-21T22:27:09.996247+00:00
155,SOUTH END,FOOD PANTRIES,Union United Methodist Church,485 Columbus Ave,Boston,MA,02118,(617) 287-1020,,,,"485 Columbus Ave, Boston, MA 02118",42.343177,-71.078756,openstreetmap_nominatim,"485, Columbus Avenue, South End, Boston, Suffolk County, Massachusetts, 02118, United States",Top Nominatim match,2026-02-21T22:27:11.081122+00:00
156,SOUTH END,FOOD PANTRIES,ABCD/ South End,554 Columbus Ave,Boston,MA,02118,(617) 267-7400,,,Neighborhood Action Program,"554 Columbus Ave, Boston, MA 02118",42.3411552,-71.0806596,openstreetmap_nominatim,"554, Columbus Avenue, South End, Boston, Suffolk County, Massachusetts, 02199, United States",Top Nominatim match,2026-02-21T22:27:12.173836+00:00
157,SOUTH END,FOOD PANTRIES,CAB Health & Recovery Services,784 Massachusetts Ave.,Boston,MA,02118,(617) 226-3246,,"Mon - Sun, 6:30am - 6pm",,"784 Massachusetts Ave., Boston, MA 02118",42.335143,-71.075088,openstreetmap_nominatim,"784, Massachusetts Avenue, South End, Boston, Suffolk County, Massachusetts, 02118, United States",Top Nominatim match,2026-02-21T22:27:13.262431+00:00
158,SOUTH END,FOOD PANTRIES,Catholic Charities/,Boston,,MA,,(617) 335-0208,,,"El Centro del Cardenal | Monsignor Reynolds Way,","Boston, MA 02118",42.3588336,-71.0578303,openstreetmap_nominatim,"Boston, Suffolk County, Massachusetts, United States",Top Nominatim match,2026-02-21T22:27:14.357331+00:00
159,SOUTH END,FOOD PANTRIES,Haley House Soup Kitchen,23 Dartmouth St,Boston,MA,02116,(617) 236-8132,,Thu 10:30 - 11:30 am,,"23 Dartmouth St, Boston, MA 02116",42.3436982,-71.0740189,openstreetmap_nominatim,"Maison de Mer, 23, Dartmouth Street, South End, Boston, Suffolk County, Massachusetts, 02116, United States",Top Nominatim match,2026-02-21T22:27:15.441860+00:00
160,SOUTH END,MEAL SITES,Woods Mullen Shelter,794 Massachusetts Ave,Boston,MA,02118,(617) 534-7100,,Mon - Fri,FARMERS MARKETS | ACCEPTING SNAP/HIP,"794 Massachusetts Ave, Boston, MA 02118",42.3334796,-71.0722987,openstreetmap_nominatim,"794, Massachusetts Avenue, South End, Boston, Suffolk County, Massachusetts, 02118, United States",Top Nominatim match,2026-02-21T22:27:16.525858+00:00
161,SOUTH END,MEAL SITES,NUBIA/BMC Farmers Market,725 Albany St,Boston,MA,02118,,,"Thu 12 - 3pm, July 5 - Oct 25",,"725 Albany St, Boston, MA 02118",42.3347696,-71.072267,openstreetmap_nominatim,"Shapiro Center, 725, Albany Street, South End, Boston, Suffolk County, Massachusetts, 02118, United States",Top Nominatim match,2026-02-21T22:27:17.613002+00:00
162,SOUTH END,SENIOR DINING SITES,Anna Bissonette,1640 Washington St,Boston,MA,02118,(617) 825-5000,,"Mon, Tue, Thu & Fri 11am - 1pm",,"1640 Washington St, Boston, MA 02118",42.3376354,-71.0749036,openstreetmap_nominatim,"1640, Washington Street, South End, Boston, Suffolk County, Massachusetts, 02118, United States",Top Nominatim match,2026-02-21T22:27:18.695469+00:00
163,SOUTH END,SENIOR DINING SITES,South End Unity,80 W Dedham St,Boston,MA,02118,(617) 825-5000,,"Mon - Fri, 11:30 - 1pm",,"80 W Dedham St, Boston, MA 02118",42.3417723,-71.0728741,openstreetmap_nominatim,"Torre Unidad, 80, West Dedham Street, Villa Victoria, South End, Boston, Suffolk County, Massachusetts, 02118, United States",Top Nominatim match,2026-02-21T22:27:19.781794+00:00
164,SOUTH END,SENIOR DINING SITES,Kit Clark at South End,25 Isabella St,Boston,MA,02116,(617) 825-5000,,"Mon - Fri, 11am - 1pm",Cardinal Medeiros Center | AFFORDABLE FRUIT & | VEGETABLE SOURCES,"25 Isabella St, Boston, MA 02116",42.3489005,-71.0702205,openstreetmap_nominatim,"Our Lady of Victories Church, 25, Isabella Street, Bay Village, Back Bay, Boston, Suffolk County, Massachusetts, 02116, United States",Top Nominatim match,2026-02-21T22:27:20.865398+00:00
165,SOUTH END,SENIOR DINING SITES,Fair Foods at,100 W Dedham St,Boston,MA,02118,(617) 288-6185,,Tue 2 - 3pm,Villa Victoria Plaza Betances | SNAP APPLICATION | ASSISTANCE,"100 W Dedham St, Boston, MA 02118",42.342185,-71.0736383,openstreetmap_nominatim,"100, West Dedham Street, Villa Victoria, South End, Boston, Suffolk County, Massachusetts, 02118, United States",Top Nominatim match,2026-02-21T22:27:21.986998+00:00
166,SOUTH END,SENIOR DINING SITES,ABCD South End NPC,554 Columbus Ave,Boston,MA,02118,(617) 267-7400,,,,"554 Columbus Ave, Boston, MA 02118",42.3411552,-71.0806596,openstreetmap_nominatim,"554, Columbus Avenue, South End, Boston, Suffolk County, Massachusetts, 02199, United States",Cached result,2026-02-21T22:27:22.991747+00:00
167,WEST END/BEACON HILL,FOOD PANTRIES,Paulist Center/Wednesday,5 Park St,Boston,MA,02108,(617) 942-4460,,,Night Supper Club,"5 Park St, Boston MA 02108",42.3573121,-71.062515,openstreetmap_nominatim,"4,5,6, Park Street, Beacon Hill, Boston, Suffolk County, Massachusetts, 02108, United States",Top Nominatim match,2026-02-21T22:27:23.070020+00:00
167,WEST END/BEACON HILL,MEAL SITES,The Paulist Ctr.,5 Park St,Boston,MA,02108,(617) 742-4460,,,,"5 Park St, Boston, MA 02108",42.3573121,-71.062515,openstreetmap_nominatim,"4,5,6, Park Street, Beacon Hill, Boston, Suffolk County, Massachusetts, 02108, United States",Top Nominatim match,2026-02-21T22:27:24.157875+00:00
168,WEST END/BEACON HILL,MEAL SITES,Saturday’s/Sunday’s Bread,35 Bowdoin St,Boston,MA,02114,(781) 648-2564,,,Church of St. John the Evangelist,"35 Bowdoin St, Boston, MA 02114",42.2997739,-71.0723398,openstreetmap_nominatim,"35, Bowdoin Street, Mount Bowdoin, Dorchester, Boston, Suffolk County, Massachusetts, 02124, United States",Top Nominatim match,2026-02-21T22:27:25.242890+00:00
169,WEST END/BEACON HILL,MEAL SITES,Community Supper,30 Brimmer St,Boston,MA,02108,(617) 523-2377,,,,"30 Brimmer St, Boston, MA 02108",42.3577598,-71.0715153,openstreetmap_nominatim,"Church of the Advent, 30, Brimmer Street, Beacon Hill, Boston, Suffolk County, Massachusetts, 02108, United States",Top Nominatim match,2026-02-21T22:27:26.320920+00:00
170,WEST END/BEACON HILL,SENIOR DINING SITES,Kit Clark at Beacon,19 Myrtle St,Boston,MA,02114,,,"Mon - Fri, 11am - 1pm",,"19 Myrtle St, Boston, MA 02114",42.3594122,-71.0653023,openstreetmap_nominatim,"19, Myrtle Street, Beacon Hill, Boston, Suffolk County, Massachusetts, 02114, United States",Top Nominatim match,2026-02-21T22:27:27.405101+00:00
171,WEST ROXBURY,SENIOR DINING SITES,Ethos West Roxbury,20 Cheriton Rd,West Roxbury,MA,02132,,,"3rd Wed, 12:30 - 2pm",at Cheriton Grove,"20 Cheriton Rd, West Roxbury, MA 02132",42.2605686,-71.1557507,openstreetmap_nominatim,"20, Cheriton Road, Germantown, West Roxbury, Boston, Suffolk County, Massachusetts, 02132, United States",Top Nominatim match,2026-02-21T22:27:29.053039+00:00
172,WEST ROXBURY,SENIOR DINING SITES,Ethos West Roxbury,23 Spring St,Boston,MA,02132,,,"3rd Tue, 11:30am - 1pm",at AgeWell Café,"23 Spring St, Boston, MA 02132",42.2779559,-71.1616038,openstreetmap_nominatim,"23, Spring Street, West Roxbury, Boston, Suffolk County, Massachusetts, 02132, United States",Top Nominatim match,2026-02-21T22:27:30.163087+00:00
173,WEST ROXBURY,SENIOR DINING SITES,Ethos West Roxbury,1716 Centre St,West Roxbury,MA,02132,,,Fri 11:30am - 2pm,at Roche Center,"1716 Centre St, West Roxbury, MA 02132",42.2786989,-71.1596012,openstreetmap_nominatim,"Centre Street, West Roxbury, Boston, Suffolk County, Massachusetts, 02132, United States",Top Nominatim match,2026-02-21T22:27:31.327680+00:00
